prefix	name
bto-mw	Brinell Test Ontology (BTO)
cepo	Climate and Energy Policy Ontology
chameo	CHAracterisation MEthodology Ontology
constant	QUDT VOCAB Physical Constants Release 3.2.1
crmsci	CRMsci
cto-mw	Creep Testing Ontology
datatype	QUDT Vocabulary of Datatypes v3.2.1
dcld	DataCite Metadata Schema 4.7
fto-mw	Fatigue Test Ontology (FTO)
glass	GlasDigital Ontology
ldo	Line Defect Ontology
mto	Mechanical Testing Ontology (MTO)
plsmo	Plasma Ontology
prefix	QUDT VOCAB Decimal Prefixes Release 3.2.1
qkdv	QUDT VOCAB Dimension Vectors Release 3.2.1
quantitykind	QUDT Quantity Kind Vocabulary Version 3.2.1
qudtdatatypeschema	QUDT SCHEMA - Datatypes
sargon2	SARGON2 Ontology
sim	Dislocation Simulation and Model Ontology
soqk	QUDT VOCAB Systems of Quantity Kinds Release 3.2.1
sou	QUDT VOCAB Systems of Units Release 3.2.1
tsrto	Tensile Stress Relaxation Test Ontology (TSRTO)
unit	QUDT Vocab Units of Measure Release 3.2.1
